U,T,population,iterations,cities,powerplants,min0,mean0,max0,min1,mean1,max1
0.1,2.0,10,100,8,3,43.32273908929766,53.27531810159155,62.13095125025346,37.18495781685331,42.45264137125521,46.77992977798494
